First_name,Last_name,Email,Phone1
Daniel,Le,daniel-le@gmail.com,987654321
Daniel,Le,daniel-le@gmail.com,987654321
Daniel,Le,daniel-le@gmail.com,987654321
Daniel,Le,daniel-le@gmail.com,987654321
Daniel,Le,daniel-le@gmail.com,987654321
Daniel,Le,daniel-le@gmail.com,987654321
Daniel,Le,daniel-le@gmail.com,987654321
Daniel,Le,daniel-le@gmail.com,987654321
Daniel,Le,daniel-le@gmail.com,987654321
Daniel,Le,daniel-le@gmail.com,987654321
Daniel,Le,daniel-le@gmail.com,987654321
Daniel,Le,daniel-le@gmail.com,987654321
Daniel,Le,daniel-le@gmail.com,987654321
Daniel,Le,daniel-le@gmail.com,987654321
Daniel,Le,daniel-le@gmail.com,987654321
Daniel,Le,daniel-le@gmail.com,987654321
Daniel,Le,daniel-le@gmail.com,987654321
Daniel,Le,daniel-le@gmail.com,987654321
Daniel,Le,daniel-le@gmail.com,987654321
Daniel,Le,daniel-le@gmail.com,987654321
Daniel,Le,daniel-le@gmail.com,987654321
Daniel,Le,daniel-le@gmail.com,987654321
Daniel,Le,daniel-le@gmail.com,987654321
Daniel,Le,daniel-le@gmail.com,987654321
Daniel,Le,daniel-le@gmail.com,987654321
Daniel,Le,daniel-le@gmail.com,987654321
Daniel,Le,daniel-le@gmail.com,987654321
Daniel,Le,daniel-le@gmail.com,987654321